,Unnamed: 0,index,0,1,2,3,4,5,6,7,8,9,10,11,12,13,14,15,16,17,18,19,20,Label
0,0,stop_0,168.67314660457225,146.26984815991855,131.38171179814694,140.86809738786852,169.28775700328072,57.00511175710395,78.17326241699332,113.44901059301992,146.55719476664558,27.1681169013187,47.84162269068645,97.8398200401428,138.08007305894546,59.69774586764565,61.59941175323568,95.55856795336068,128.81219960252176,107.48050500865772,115.0542807910452,129.0183150703138,143.50032986443554,stop
1,1,stop_1,182.24697926508185,165.91466402027714,155.9923976285826,162.84277992915952,189.3956793488412,55.67986319606827,73.41116772320993,106.79401411711784,137.39622759016737,26.65582262505874,52.15370619903044,102.73919604332184,144.93039223746106,61.82201429302644,70.18553319805149,102.95449537496572,135.94505025686814,107.90123139687265,118.5078238277542,136.11500572890742,155.55219465109124,stop
2,2,stop_2,210.2533834704473,188.54394340339945,170.02635516662457,169.7954217897849,195.21589885440395,56.92442377991837,71.78413091517628,107.8608429934013,143.11570252208534,25.721207181355467,55.05027592863269,107.81756868856688,152.64746039660432,58.18042154580151,69.24497247563848,106.42618512292265,144.00879445304233,104.6937007420059,114.27372953032985,135.9825252211948,160.65182560523485,stop
3,3,stop_3,211.1148680892577,189.59018938040296,168.45802615477757,169.23078607899956,193.3932876777808,57.08608290711499,71.85310348708414,105.94343461427177,141.2719832190034,25.689759026134578,54.83882796116445,106.66552933067123,150.5292627927078,57.50372165812531,68.395292965037,104.88184692337826,144.20937788924064,103.56714824214936,114.42032746793063,134.4371402224914,157.7172331217574,stop
4,4,stop_4,212.3096613210276,190.89204604338647,169.8045428321631,169.57864281734666,193.37445023718917,56.69687070193812,72.87962616051931,106.69945286940502,141.8693627946966,25.05730393968241,55.68586983942374,107.59718488423076,151.4941831501945,56.6506580028352,68.027738773462,104.89092704311332,145.02483171532717,102.73874358345336,114.32623289667455,134.51929195954406,158.77270937610905,stop
5,5,stop_5,220.82963031165625,195.5097413350959,166.76976403116765,167.30286737861542,194.9285874237315,57.20607614049657,73.01181838293556,110.54932923817918,145.82168466596752,26.583415968139747,54.772359250524175,105.435432305689,148.2745584083858,55.98819522484313,68.27962050248755,105.71688113502071,143.70807680109172,101.62869816272092,113.50104637554963,136.26029678789644,162.00547287863574,stop
6,6,stop_6,222.735136525614,195.0679688510016,165.75336840716693,168.93430138944856,196.45486115557267,55.22670243760278,73.23470485681534,109.90445242178096,145.59659891121245,26.624158296341736,55.17278569348422,105.93905748224664,147.65302988276295,57.47826168990694,68.12934543756137,104.54499188769486,143.21225704140488,102.6516907533065,113.64643624705232,134.41898992555966,158.74234318314183,stop
7,7,stop_7,220.19072849713672,192.7187804669571,166.6430595526023,168.5782417240328,197.41087141845813,55.46474437406816,74.27846423717378,109.01181570691692,143.8562601445152,25.85591508090948,55.64474699808352,104.29584643103694,146.8467123094684,57.3074811197478,69.20056951255299,104.89316452333212,142.50114372775687,102.0287296696599,114.65062773447558,136.5060778758666,159.88434737380453,stop
8,8,stop_8,217.77415020811404,193.8401637181902,171.40708860101364,173.50616710271638,198.7987964029138,58.09728723942711,72.611553087118,107.77670710364234,141.90811756978368,24.958241768993805,55.84041482150397,106.17958517714231,148.4576563770338,56.16353268472451,68.5573067469108,105.4896046506119,143.26069983744262,102.1791588283355,114.34579769824148,137.6410428954329,162.7803355498549,stop
9,9,stop_9,218.86786102479545,196.6080161594145,171.90666797518668,172.2077859504329,198.46469667843803,57.51436772086665,74.62476047052645,108.32621640673015,140.78452843516584,25.0389718914073,56.99413185372365,107.38935665559455,148.6827803109618,55.34736728842336,68.39171224538009,105.5394199387022,142.73284274858736,101.39008883208793,115.1543379206798,138.9647013043844,164.772419152535,stop
10,10,stop_10,221.85052474312107,198.7610148974992,171.7521417215548,171.73411923595893,197.83708568328467,59.27087211421085,76.83276889724353,112.6599945695775,144.91274253096518,27.221981580684723,57.7126551710578,108.01890529081822,150.20775484146105,56.7558521860928,68.14891324457957,107.07846742431948,145.33291206329756,101.88363154313473,115.03762570914868,139.1179290599923,165.4071113092038,stop
11,11,stop_11,222.26907555958692,199.07134171690944,173.79714241614602,173.94708841817675,196.84044553326032,58.02026778568764,76.11813529995301,111.4669246164382,145.9056089121256,26.67117308861577,57.464432458107744,107.81054391238736,150.10351681302205,55.74832090248738,68.69684298297604,107.60274844966972,145.53454522853082,101.77341334749018,114.27876963027128,138.22693227897463,164.16518698183256,stop
12,12,stop_12,220.58798461592625,197.42355218391776,171.9866049733218,172.9700274194565,196.74593698173507,57.70872596197386,76.300545493662,112.0852647584138,145.87653587476245,25.95347310939154,57.07315192979807,108.50328897697462,149.8030831419062,56.53496098927598,68.96004298392418,106.68360834846855,144.1733807567155,101.66898625657636,113.8936927254112,137.5076167752238,163.2388314702517,stop
13,13,stop_13,219.51668204522664,193.5105568203116,173.10264607191164,174.1269443359188,198.00096772479333,57.41621125773402,75.0457154701775,109.66074255653152,144.28345904256656,25.94871096811997,56.03742270808118,107.38183929524972,149.66073500055728,57.26465194875275,68.55899358149178,106.0033799144536,144.62777307199391,102.37839420945726,114.16718059370896,136.57860942800664,161.5142699900874,stop
14,14,stop_14,218.05756068809592,194.8717643352864,173.1395109425723,173.9920763436815,198.6727502150321,56.47000688865317,75.09711022215716,109.81545021797236,142.95039020218488,24.516365028180907,57.71980564519271,107.08676838769026,149.3698023982114,56.08967956937365,69.4358543439967,105.10201285691898,141.99247049757437,101.24065982506266,114.78014081548945,138.28199194780262,163.39655169732302,stop
15,15,stop_15,216.81142730801315,195.24479082595573,171.67856110962487,173.6169970884318,199.44805926524128,56.776544133284666,74.74244514715828,108.95173576232544,142.13727356027127,24.46581214100241,57.49496675200412,106.72954141819343,148.91657863478548,54.7453391093252,68.42099901766974,105.2007367433226,143.19269322242056,101.24136535506084,114.6188497831992,138.0529738280434,163.13011097457135,stop
16,16,stop_16,218.38147155878727,196.56633552833645,171.9314383733638,172.35798978866902,199.5362253211669,56.95687989874844,75.51625795429419,110.07547400454044,143.25033192412462,24.81244841550069,58.10245856768865,107.38644268510971,149.5728536491593,55.46505099687702,68.96093080378384,105.84553199824228,142.6198425925852,100.5863309666093,114.7587136485794,138.03377942749574,163.54609216682172,stop
17,17,stop_17,217.47353684764715,194.7837046828541,171.56069643819438,173.01163239305808,198.8609856406664,56.17088036032119,75.12989507371117,109.08701721223768,142.84549158835983,25.130633753140163,57.85100888510884,107.12309870725356,149.30801079033836,55.87210046147651,69.02709054440105,105.350554004357,143.16998285579874,100.99163657252204,114.07715096320597,137.32591123197255,163.21801426743892,stop
18,18,stop_18,217.85452509486325,194.5205921515125,171.6279858673399,172.60476131357998,199.31447707322985,57.18286298004067,74.60131372214765,109.7693417581734,142.79363667802903,24.72754025708043,57.11912205477592,106.3382913138371,148.60485735035013,55.57469284900071,68.72702254657852,105.29221835997916,142.25655499006618,100.729594693742,114.42620333241112,137.71873963686107,164.12313556631165,stop
19,19,stop_19,216.77406548028893,194.01299720353845,171.24806634457912,172.3273331499298,198.85935503239529,56.24898084236715,74.65855762574957,108.83318488181476,141.88038301294588,24.43836246745478,57.65203699449408,106.87484998862315,148.0623910901374,55.16292093249766,68.25404392760665,105.19367733170516,142.0177562275233,99.8813354893612,114.2742950644267,136.76794820179472,162.8541422725526,stop
20,20,stop_20,219.1596918266266,194.47173634188508,170.52110342130132,170.6192336827661,194.7816092023236,53.94899749824607,67.28205766359046,102.5961525669552,136.80441042604636,26.027806515688965,53.94546671115939,104.30207525497433,145.68890223976453,55.90910180282896,62.80179742361828,96.44277379244151,130.70384206696357,101.03497295311752,107.36262117843368,127.26507412864898,151.85791933382694,stop
21,21,stop_21,220.40612380428732,194.81334749655065,170.44536167110192,169.53831532373968,191.8227167165716,51.56920806018498,61.296720808371234,93.2796735932804,128.18867188994133,26.58682776171009,53.58573353983567,101.90496217158784,143.3834432261383,55.94684876399487,62.49268437910977,94.4364355681206,128.60183062072744,99.71579796006142,102.4176899756807,119.03821867647774,140.41520871687038,stop
22,22,stop_22,219.93761741811144,192.6868501538759,169.68074597772005,169.02629644197052,190.27231946753463,50.49642451588913,53.07437129998704,84.41300584362314,118.52097798374017,26.373387259803323,51.73543810151369,101.2302106861166,142.89117848519862,55.165407840622585,60.18213097663532,92.44397702873285,126.99693784584817,99.72907744930208,96.04454984826344,109.73098417898606,130.92703650846485,stop
23,23,stop_23,220.88558103528865,191.5196419238256,167.30258275057005,165.20856055521344,185.8808166663121,47.84709678968844,49.36223643117811,83.70590185007953,119.52768918006248,27.94572809609479,51.78032265309822,101.2952398861011,141.83092518159953,56.40847542500367,59.70771589893957,91.36015545375976,125.00975925621589,99.07097938809376,88.27749486575411,97.6632304194558,114.93170603516766,stop
24,24,stop_24,220.70064682778812,193.69432050506376,168.2134819513706,165.19357846885856,185.27332263883176,47.8680158224206,49.66664383873831,83.42270038050502,119.26526770872002,28.57178571205359,52.58384946435357,101.08159969014326,140.74568177665526,57.03561365050608,60.4641907855132,91.2542981934304,124.71592209693917,100.2556935123021,88.61588745932686,96.04420750840922,112.19525618404766,stop
25,25,stop_25,222.3230066240928,194.5835485584907,167.5042152649278,163.4395045737988,184.37977173962813,46.71183431265151,48.84080298563057,82.48922144940391,117.7531527758902,27.27977164572833,52.71979151356311,101.094699772023,141.5943072506977,56.43196694626226,59.414165683784766,91.51083848425117,125.20115334207566,99.18042835970468,87.03007273403088,93.35311986571276,110.47837641515557,stop
26,26,stop_26,222.29865918972845,192.9447948962372,159.44405966753766,137.99216185962837,149.194435525715,48.26542261710927,48.5251880733194,82.09911879017001,116.12115418380748,28.729917564540745,50.40246187702844,98.07639671111868,138.79731221299286,55.787680594576166,55.82223973453226,86.46952984628015,119.17985037200656,97.97511137518342,80.99634660443215,84.50009056872335,98.66455228475434,stop
27,27,stop_27,224.1731847925736,195.5931092832592,156.73118515181645,128.2183688610126,135.12973526013408,50.839126468157886,50.016165187320695,83.52984992003995,117.7776258930266,28.413571858526296,48.86470748084151,96.510042009196,139.08218748381637,55.11112254041284,52.95143884053999,85.05067183770714,118.26704093077473,96.69563253567313,78.59902834155031,82.62997045951663,98.17621484350336,stop
28,28,stop_28,227.4548122374581,198.91653236489057,153.44698538668993,119.08830733246089,125.41180240075452,52.00298700648233,49.94212069487172,82.82354272201198,118.16806510211346,29.763771370036423,47.63928141551728,96.29209625121636,137.05395597381553,55.26840301548513,51.54171856694797,84.24412479430408,117.75105374304032,95.33138288285907,76.91353333437053,82.3391718990721,99.03811767614766,stop
29,29,stop_29,226.78388325720024,199.0705215805652,153.10306578522346,110.4401419018948,100.41687484100704,53.20469179522557,49.13854263083194,80.97369467317733,115.29083798924806,30.577398912645226,46.74679709401228,94.42041844591208,135.19430880694222,53.936260357999366,49.70269888692154,82.84653736176587,116.52396520510356,94.4062961503864,74.15894250078318,78.71664790624898,96.64922432362444,stop
30,30,stop_30,225.8360531502761,197.18946423999492,151.75832619385665,110.19514745006674,98.10426449455773,53.59343463361594,49.47552591331488,81.12230066017044,114.94685748358444,31.5936860421893,46.68148452794132,95.18437770788432,136.7746462429177,53.49026656112351,49.28893479241078,83.55932621636214,117.50286337998035,93.22077761253018,73.58227690091483,77.69457324690148,94.04795659975588,stop
31,31,stop_31,225.83942683246903,197.0110440404875,152.0229276179812,110.21307954364732,95.68807980506269,53.00376489430276,48.91799793063847,80.85418414015766,113.89832160483792,31.35995395433706,45.92352906236574,95.40948863473668,137.00058758170502,53.96179466480625,48.51380802576725,82.71620470948815,117.67193721213329,92.91813625633844,73.36094099995647,76.2153530815903,92.66642196414617,stop
32,32,stop_32,224.6463635631156,196.064707723018,151.1698448615492,110.31227577174285,95.79386646653172,52.27480587049736,48.46833129293803,79.21362373948716,112.4806357736134,31.5947267335803,45.72941217993073,94.55403139267894,136.31978543200088,54.087566525105466,49.18854004395058,83.61754256157187,117.53555934163316,93.7142978126202,73.26200922350446,78.33285569401347,93.75290774024327,stop
33,33,stop_33,224.5735742455757,195.57097058394783,152.14249198853267,110.48251213440226,95.63399854656572,53.09833431074805,50.08711232304851,80.74153213395117,112.30212126184124,31.043820977155463,46.42612936190508,95.08269464451288,135.6904908129238,53.94843006590612,48.354886116481225,83.15536097544714,116.99574579935542,93.81798366495048,73.678870537752,78.04519302426647,93.72987917112188,stop
34,34,stop_34,224.43212287410591,195.54056129384287,151.6578752030738,110.03534785594027,92.81403150625688,54.09662137735078,49.57261788976293,80.17550193862904,112.5008641942116,31.90262963734774,45.37742953397769,95.02338893369593,135.6310354519856,53.620062580261056,48.78296606170824,83.10903146536548,117.09445380166864,93.46716595206637,72.30798326909999,77.75245619557265,94.35453236478774,stop
35,35,stop_35,223.3215399465122,194.2221009303419,151.45134599626914,109.2327602799057,91.091454380883,53.98884994484831,49.98652879751193,79.79578527051899,111.10070812978095,31.522262945805306,45.9480629602154,94.4151708667411,134.8541918563323,53.18911197466134,48.86069327116405,82.63825768161537,115.4980342619187,92.19511253591594,73.0504438517575,77.14880929418293,94.23418505326536,stop
36,36,stop_36,224.22391222122448,194.35578801672185,150.58388250053272,109.21115830127282,90.96352462273757,53.18101122250804,49.25812432270827,78.99385721977406,111.80182702477228,31.69769335728288,45.58175232617453,94.2417405873546,134.84958446669015,53.42712840764157,48.86990458038715,82.30044235477342,116.27975687715566,92.43211641591203,72.23098499081792,77.77764982172825,93.642079228665,stop
37,37,stop_37,223.737703775432,194.9401326787232,150.85687980977548,108.41493525313312,91.08074960081196,53.8117361534248,50.212293080651406,80.08381380503859,111.40012864504024,32.20822277792539,46.05470965253323,94.71304076368232,135.32091695999335,53.56116303760631,49.023688105495005,82.89113971398812,115.68630859122808,93.3395649037279,72.89057745126689,78.06369862544241,94.40862599429948,stop
38,38,stop_38,224.26764157294144,193.51786876895844,149.9270419698601,108.16003931354864,90.08342064851313,53.52012358092901,49.52319138808375,79.67418061511108,110.43970045976096,30.78533679288317,45.5105828563801,93.99708105662395,134.60408898311766,53.21809403651936,48.518762296503205,82.31399701331719,115.19599782037656,93.03518949978428,72.8339521136871,78.21687681436855,94.69939311679532,stop
39,39,stop_39,224.25330874986165,193.74940567533747,149.6681211389412,107.43225466499167,89.62633440342243,52.98493774760818,49.75007833948183,79.40837073258479,109.76044829113214,31.990680332214165,45.288217846775126,93.9461538254446,134.3845718523054,53.4858575835823,48.49127373165108,82.17735645439198,115.93152252011616,91.92348686620696,73.00635203625589,77.43521906682668,94.07202817660928,stop
40,40,stop_40,222.55059298934543,193.70118066829187,150.9812500560276,108.20595336981788,90.61222855508424,53.83532883140484,49.30666681383208,78.62602720597684,109.7805376189664,31.982208773074685,45.29695419072805,93.95442036740988,134.56227010253428,52.82815592992922,48.46112592195503,82.1653661361662,115.9275420740812,92.74031722993672,73.05513092312552,77.39542721760122,95.43960823925084,stop
41,41,stop_41,222.4521452270123,193.89836503621896,149.35210796702873,107.701327585684,89.87030211262261,53.25012641974496,49.34190493653889,79.36506825396748,109.66835182626868,31.352903137467056,45.13635175147751,93.62134861290868,134.22850013850675,53.45719036588116,48.86234076127752,81.94513124736206,115.7258861518182,92.71541075943226,72.89362609737276,77.17145266596945,93.80630886441722,stop
42,42,stop_42,222.70245445426653,193.7849873318177,150.62078646452736,108.11789147985586,89.82630000359362,52.95462910609585,49.05198778509322,79.22002140483944,110.50189561378735,32.1188622960519,45.34998693707356,93.8194942731463,134.25917502017322,52.91729738763868,47.90816990622968,81.8846597701238,114.9469955735391,91.2808454373872,71.40396401529473,77.26486530390665,95.50144541889144,stop
43,43,stop_43,221.49296042825915,192.0700221899198,149.3086866201252,107.48748806583464,90.41143045749035,53.66818775044703,48.854868600181945,78.39271160994555,110.24577778434136,31.38832199034561,44.908776268576325,93.56860531303629,134.00866388209704,53.1421104231546,48.4162319813756,81.67699504312324,115.623725095625,91.48634087607518,72.26563495510749,77.49216916036832,94.55680124735356,stop
44,44,stop_44,220.9680259239459,191.20174313003457,148.424140973033,108.10493977860192,88.95617917862118,53.08090773941145,48.577497286607766,77.90477645825919,109.10812419998754,31.574732284231047,44.72627761503355,93.38737502499444,133.99506709030427,52.78673990025386,47.82121371029413,81.5972216191441,115.50226509740138,91.76399285933198,71.58585857131484,76.77587607700931,92.59544319119188,stop
45,45,stop_45,221.2539506033652,191.5994735813332,148.5341909988795,107.94057532018957,89.39865872263351,52.7588962525454,48.69268245088824,78.0193882526046,109.80990583504357,31.884855196938023,44.41070431322128,93.06897693173693,132.69200352867352,52.92875886263751,48.722500820132375,81.14581930654039,114.0973944465917,91.5026733435966,72.31232648973669,76.83920248511662,92.9040784920313,stop
46,46,stop_46,220.22236237241867,190.9648018760409,148.4954170635878,106.41689506631712,87.8287475083693,52.790992497668455,48.63012326623169,78.08044284938165,108.84494578170464,31.31382371342655,45.17250884725749,92.66726618511105,132.28966533919254,52.6835416003476,48.10289896553939,80.9293244476658,113.8034367768488,91.18052911059954,72.7041187890266,77.01226453551988,92.66726618511105,stop
47,47,stop_47,219.5872958503433,190.4132336432667,148.6448612787556,107.03385990205568,88.6335931360088,52.509042521124506,48.71989447765493,77.9295134740028,109.0786501907575,31.66881482151719,44.6276609056965,92.30208955902054,132.74056158289525,52.06826584773131,48.19711040349997,80.68551250030974,113.43934617570297,90.6022680458756,71.43868182414185,77.05075336493672,93.7365077214774,stop
48,48,stop_48,218.70966165163637,190.39160621944671,149.4346868152865,106.78153891077896,88.27695543955967,52.86516455647109,48.8653339462446,78.5169796908493,110.24652852654452,30.57250406059582,44.74277706818433,92.23681686554195,131.691421077789,51.58222197213655,47.80129411240726,80.52661142375413,113.47691984658589,90.58572317219962,71.71412761634379,76.81742054881329,93.96053834690342,stop
49,49,stop_49,219.31425800474608,190.71652100229792,148.7619733552674,106.93759173497922,88.2614134121229,52.48701383499724,48.57817413476524,78.1627176525932,109.88405557192657,30.925886096262488,44.38823259315204,92.87001131833448,132.3258278513809,51.90174740044841,48.40780094926607,81.20773451540634,113.97005016933576,90.88129857588414,71.8250583171888,76.46960773424615,92.60582596288192,stop
50,0,up_0,86.59023317167835,88.22515516866575,85.76830308487487,74.08882638435662,41.36667516321509,53.76901129799317,124.46977795265308,174.75986764091027,213.27114846232692,33.27821974350569,41.34019034630199,19.562157461158208,67.06970009774768,51.246945597826375,50.86360757912989,52.52538528914608,79.16235219177831,83.86844519706588,85.19563986586518,80.10506139862828,89.8430478258078,up
51,1,up_1,97.8809726517684,95.75697934339053,90.41422690209684,76.80568584867143,42.70964034834299,50.921686348642965,123.64953949279412,174.0873317992166,213.64739318976035,31.882508230466453,43.434340677779154,20.09664856255169,66.73379273629304,51.337065859530384,50.35227377113076,47.86756579224894,76.70673309752102,84.72852472747493,83.01072247216906,79.89677297028808,90.2339237633631,up
52,2,up_2,138.42224828712213,110.89744194698764,89.7305742972752,71.02886577471605,39.28897533362812,46.6451116400132,106.50354235962008,150.0425487650396,188.18773494244095,37.73535366337212,60.35730722246801,12.503514245232234,50.079030512302815,60.74266376949614,46.10706754939566,35.637791095900056,71.50327839240438,95.39494227336095,71.80631860978706,69.48315836986801,85.77131700552162,up
53,3,up_3,135.04809758797612,114.80724257574435,87.52761792843879,72.13570607336528,35.577388421487925,52.56323262544152,126.89661369356322,177.0448909854116,218.65506232689685,42.79394811728466,54.480123900618615,10.211482576846205,55.72114324911742,59.727062504905206,38.21415962002636,46.077968035949645,77.57815165697411,91.42932787385486,69.32386447639114,79.44712584473189,94.4504813330048,up
54,4,up_4,141.77438881639745,114.87664684751948,87.3914357277002,75.41331315128328,32.8702527331207,53.71819050312198,131.87214656078345,181.13025092582828,224.8341742166693,47.73664051933862,51.3528984713219,19.72371525120604,66.02976378282312,67.02185990567122,34.224416103074304,49.65333336986782,84.45329050217045,95.3843163232484,69.4918713333142,76.67045243536778,90.32679394961066,up
55,5,up_5,147.84199753732926,115.5766867562051,85.3905261145133,72.48066440105347,31.98912088312653,52.69967965583531,128.79078289861113,180.11324228204728,222.8146123438113,51.36303143051843,43.86797343131455,22.43443457890757,65.16001584099789,67.98927819967923,30.66903273924689,45.45923393671941,77.21718934968925,92.13457573219443,67.60120488936816,75.06992960610636,86.42100189861839,up
56,6,up_6,148.30205280512186,116.36139848201096,87.88912825949039,71.82103292890639,31.72536628966089,53.89561170866554,128.52560911953103,177.82274162109223,219.5050141731745,52.31383145451351,42.30246879572339,26.11374039929408,67.61250806740965,66.67921650583635,32.19174412831146,46.901861162419415,81.43489254217758,89.83171467500354,68.11876050604428,73.19103386099779,87.32437509230039,up
57,7,up_7,146.3214862016616,114.69618746715663,87.07126905984322,78.02610180162966,40.89156614029225,55.29252244697064,128.05402948412117,176.2755586074209,218.0303084882951,54.319392226736895,51.46544092862047,20.04105763001807,66.09896037274927,71.29500209876592,33.262680224113176,50.45815041507823,83.8898154354082,97.0906605801098,72.93523670239556,78.13008804293243,87.69794584376206,up
58,8,up_8,143.2910632181433,111.25408601632928,83.29377292276865,68.86214827358066,32.40510303868583,55.01251146088098,125.5848991456538,172.98993980684662,214.79158278731776,55.12406127562877,52.36633995316748,20.456579756371735,64.49618104674502,71.99004718309355,30.540297159112477,51.30065661972088,83.26947212911902,95.31474296643394,67.98806084330954,76.90033895581523,89.59110945525809,up
59,9,up_9,139.95319107333702,110.3347308623496,83.78368108062274,69.78634384210189,35.134984277517546,57.133848496236695,126.77103648550788,175.2550263559894,217.0762220230499,56.34790295832182,51.13232577566782,21.081259476933223,66.29436861949586,72.31077424950142,32.610113479314776,50.97376053459809,85.19943257239215,95.65210014964936,70.16063525388739,81.05988659885666,96.52258791248951,up
60,10,up_10,140.1946250033096,108.66751178670576,84.35446483121953,71.73933983400318,35.45432371791604,54.01242823302906,126.4461471058483,174.04996415591623,215.91953863773625,54.99099081026621,45.37105773308125,22.19093602630039,65.7343827102285,70.65718393570009,29.264955864025428,50.14939133476266,81.38947822374145,93.88092520801992,70.54083264531818,78.25117996255956,89.21808232164561,up
61,11,up_11,141.57848395918575,107.32545287333814,82.13572087703943,73.29711536057476,38.31561258547816,51.03724574773541,125.1507299835662,173.78199390585803,216.63374946184095,54.19445127273485,50.33781572148293,20.54009960078036,63.03959810869053,70.9623674659455,28.20740321922389,50.38320275827459,80.52471064799498,92.76026692599264,68.50436535405872,79.25510634707503,89.55865583218143,up
62,12,up_12,143.39487683647505,105.20499371678062,81.54662842637795,76.42422476884718,46.12710429418796,46.971067468584536,121.79528194042592,170.62767943291652,213.57589314227215,53.24109796455792,52.5750732000961,24.38764789016178,56.79533211952277,71.8022763805162,20.64542467692789,50.48474770231991,79.2500277187588,92.45820285067418,60.21070335236038,75.55222248217102,88.41135047845405,up
63,13,up_13,141.88074261405794,105.01157478584096,79.14304337838384,76.57521904856429,50.08946644281688,44.72351443887402,121.29068735481,172.24526361848754,215.2517958134311,54.22661779142698,51.2398875593761,26.5823496928459,58.44005786112632,71.78408353197855,15.52884814519586,47.37090106356112,77.15045524016155,90.33457588823356,57.43403985652029,76.81147223933216,90.4567898999421,up
64,14,up_14,136.3497736374177,99.876227256415,77.89690261904975,79.04774813529332,51.69299307333459,46.41811848142933,122.18087220543084,170.1701496108942,212.1428624873069,57.349171202744735,51.15172398085087,26.11374039929406,56.00147795263814,73.23526219054531,14.77365124047054,50.35279166161407,75.52844818517568,90.02525470811383,58.45734146345568,77.21906876218375,88.90082119457779,up
65,15,up_15,132.96324488292214,92.9658704107292,72.41405884472537,71.9559105371094,54.82904786512273,55.574366429871525,124.58133971057477,173.63161801788922,214.67203272120256,65.90422859679623,45.68302502582554,38.95890037420651,62.88603232216588,76.16764538885018,9.736319549365003,55.09935367597524,77.51089456012107,92.26945898413238,56.89661228751602,78.61894667006297,88.5829485595857,up
66,16,up_16,132.01684253161844,92.71984966306808,74.50707251580404,72.7557495526678,55.20368386274724,52.90484762755048,122.9080920565059,169.92959059456712,209.92485968083477,65.9369760245057,47.638210429974414,38.21828342833592,61.41908380035704,76.27562206591273,6.537004383037747,54.01118973675773,77.40382079666934,89.55827603999664,55.602920851842256,77.01650440076709,86.70073898525644,up
67,17,up_17,130.67848412478594,92.37634990989709,73.89864051723,73.04538396034232,56.66828729175163,53.88753300302329,124.86281814859484,172.90792904733323,212.94714194083696,67.03452929583253,47.10585368345599,40.72508907072636,63.23545964100422,77.88275390617018,7.67553465235789,55.09350945964962,76.31956326500732,91.37421499270393,56.31763255820909,77.97624500179847,87.41695119374201,up
68,18,up_18,130.8802398691591,91.0461371666614,71.2291342721572,69.83019573098491,53.399830993303496,52.686575932078846,124.62618026424556,173.73452393596452,214.71247451421664,65.97740628874075,50.68783124012766,37.287417099108666,57.99523007987934,76.40879435559289,5.633154205581029,55.761986092413565,77.82837680324361,88.53661630254376,55.6529984441779,80.54882605404508,90.33071010574766,up
69,19,up_19,130.45322182261435,90.23247877985716,72.4995582127442,72.03269917590826,55.1793201264252,52.65969126286466,124.57506911820272,173.6734627262576,213.684558878146,66.92956666096109,49.56088355889472,41.84091456360957,63.55608875028074,78.66229954441016,6.225541712534949,55.72547710146539,76.74413418313661,91.8919926979248,56.47203469813928,78.87721161699149,88.5025974227135,up
70,20,up_20,129.66569609485836,89.18814986923714,71.89411778675361,73.53037843835692,56.08159345735957,52.51985910974087,124.42860787636374,173.52906269817467,212.5407577293003,66.85878779688527,50.3511704214688,41.54862190084542,62.231536798761454,77.7110176717156,7.263895121462077,56.631241427933865,77.72633543371671,90.83528987470294,57.47920850560519,79.82571718886433,89.42143335780392,up
71,21,up_21,130.70671328573442,89.21700213181204,69.44341405131259,73.72605110980035,55.5449808529914,52.077845969436254,122.8220049419451,171.71434513904367,210.733655284076,65.6611586487936,48.72329200365539,41.89905264137718,64.45564841226016,75.63418943999402,5.354761375426077,54.814901891618426,76.68927498652718,84.89633534553799,52.31868593494282,78.23382013071391,88.83830760409151,up
72,22,up_22,131.01166623374576,84.43825314455708,70.66257528908254,78.16624240199323,58.67147862145728,49.40319561487347,118.05732878486874,164.90476190476193,203.94399213371707,65.73003606969463,48.01497309926725,40.04651490465893,59.534779941440405,75.9342417509702,8.156768957043822,53.45945970732911,73.26604829113921,87.14743677791935,52.88810761823153,76.04797686053519,86.44078360527963,up
73,23,up_23,130.62296228704966,84.31729298128357,73.71067113077152,80.70980462346738,58.47853648155828,51.59850671959034,115.7654697693993,163.5246484710986,201.5994996934367,69.3848905637874,47.848234186218704,42.117479579953496,61.77475359243366,78.76533072528191,7.629902981108859,52.75032105951666,70.56423072347897,87.37154484197109,53.43332463365813,74.36701899860738,82.79939147738312,up
74,24,up_24,138.28700150260147,84.47856602661906,67.65359613719573,73.53333888405749,61.59011611961871,58.211924190098976,117.16414827806052,163.87657819169456,203.0361439176814,76.67283323321936,48.71158583031665,49.05060092646333,60.57706248132386,80.7291740728546,14.110432608181188,52.173789476997214,64.23957780067576,83.09753032723212,54.16561485111703,77.41421995503907,82.00499127555781,up
75,25,up_25,139.64088213599487,84.82814426213102,67.58948045724811,73.10725820200112,63.00683834318729,58.68036713866356,117.81019748046216,165.38369460109817,203.5363656799321,76.71440394894971,45.58147871464968,47.92806874100636,65.48503836322541,79.88655505155128,12.797126236358572,49.95621665785388,63.89690179466383,80.62349156598371,51.42127373267067,72.73176264227446,77.30308169736374,up
76,26,up_26,142.969202081302,86.10708936552358,64.88856661305984,72.00662919847088,63.43802660829426,58.99033319477727,116.0385912036426,163.0315551721795,201.2888291579147,76.72742342649683,47.86292312877308,46.31828170339061,59.15236485191184,79.04581179804399,14.362728914082124,51.15571355653693,65.14052488166953,77.89524333513799,48.41686424959975,73.18243596820456,79.3005277166875,up
77,27,up_27,142.33855874682183,83.8390099645549,58.72801368884135,61.84526444841092,67.86842011554117,58.21985074189182,116.57177871095874,162.86140345304,201.9115284131207,76.26818953334264,51.35013860442712,50.80615421504023,65.98577459558685,78.48462737819347,16.978377605721032,56.372304677863575,72.83823284007725,79.47133997581153,46.99674326536917,73.50204772935354,80.1015936553228,up
78,28,up_28,140.04438881655437,80.71703886300457,56.08159345735955,63.3625424946255,70.6874568313784,59.481909062074784,115.79539583310353,161.81353872650072,198.9492693914286,77.15076385112327,45.06452919296086,51.31928423351562,70.6783618868057,78.39553182695322,16.88059976796078,53.83796130146001,67.84156880593112,78.77032545531088,47.58553582712553,71.29818257853609,77.62058134622593,up
79,29,up_29,139.81004281725384,79.27673336808685,52.274372089239485,61.11262418246428,72.01084889290392,57.284922608629294,113.60872902491955,160.40555885210964,198.49778810376245,73.99221629713739,48.21025850317867,51.91055013597428,70.30674611125757,74.98438234973925,21.126387836981213,55.65574865435412,68.86453559734898,74.58067205376291,46.63424529749697,71.62894118594451,77.3328641787317,up
80,30,up_30,137.72723544462784,80.49744717857563,53.0927396379917,57.05453491746759,72.21549070321183,61.42111434988671,116.44017860147656,162.3195876229271,199.4477636646724,77.8911386388596,47.28616985346173,54.139422766646405,69.23858649200193,77.20646995082453,20.95075751286365,55.30935469297476,68.3759283205438,76.15792459395178,46.79876832303696,73.76204309987335,79.9716077735506,up
81,31,up_31,141.0217412999654,83.73050928987021,56.38083172445263,59.69675826915401,70.38457687683804,60.4151360350328,115.90344131970616,162.77325185445667,198.9355916233002,77.35963076214446,47.20006149348392,49.78561749893808,62.7575690387648,76.79433321875038,19.849147642443494,52.75042852670078,66.9462335455927,74.88332572512604,45.28994522321698,72.29890399773966,79.14325826498543,up
82,32,up_32,140.14260634574586,82.11691791961496,54.43429957776202,57.89273841336004,71.77808140735961,60.9906130095726,117.68925030430012,163.593129495528,199.7624723302,76.22334112610325,47.278784319311946,53.0686672784612,69.46665948529086,75.80895548961418,19.544762276024333,53.55413477476714,65.93465465752632,74.6135926531941,47.49233140150223,73.4866208687814,80.13855631727328,up
83,33,up_33,138.9910599255543,81.93865577770725,55.15726845156992,59.12730797823317,72.96209372120161,59.852918743250655,116.96597175568984,162.88482777773197,200.00997707540796,74.86903152897175,47.02016260722603,52.211023067023085,66.56926558240978,76.2963550036833,18.687670399044155,53.3772778141418,66.93451295813927,75.49323827299574,46.29090701814299,71.19818400700747,77.47466852487044,up
84,34,up_34,138.20295470554314,81.10580698962094,56.8063504482304,60.4011157560893,72.59056428128751,59.1693254169319,116.51081913306028,162.42891345889635,199.5629976290087,75.54758528055915,45.82377760621996,50.73750865563363,65.94593401531233,76.12808457311255,17.513519235409827,52.740691111002846,65.37117118941451,75.92483453301836,46.79244468734879,70.6679662311515,75.06638029935351,up
85,35,up_35,137.99544834585063,83.30140885095092,58.1695465439152,64.7238158300398,66.20660988710846,55.01195499837981,115.90793124750826,160.22612281035515,198.4832509483596,74.16057836357504,52.33937744030784,48.01221027614651,61.7242790262891,76.72884198750664,18.05892346053021,57.38243428238588,69.12845842467726,76.02807095866724,49.17830486031659,76.25009572128855,81.37146424111931,up
86,36,up_36,137.87586023110472,82.20786937299904,57.38624753279911,60.2600750413649,68.53042755691654,58.53481240286457,116.04859604489374,161.45938742249726,199.6520556134036,75.34328090363641,48.59394902748867,49.52960130967836,62.56341907133666,76.78225536690769,17.442162278321764,55.49981103520364,68.10279678328355,75.79571841275215,48.16084633996174,73.15762809682143,79.20822754397172,up
87,37,up_37,137.8574060364294,79.2389251330167,54.62859550374709,60.15810612399881,64.77284571446674,57.84624627939812,115.20395007715096,160.6980238686321,198.81625309398396,73.8563445967116,45.81845769730402,49.05097075926534,64.07991750669157,77.18590803438781,16.90020059186728,54.51734209927296,68.25231633290737,77.6319007762955,48.354323380326186,71.003002076355,76.02942800588791,up
88,38,up_38,132.6527613811368,78.25259987856701,64.55262052253599,76.5742270277537,67.33952958625389,57.99173058571822,115.46754999583568,160.86120268918867,196.1196011600668,74.31716367250922,49.8874242874977,45.29314945723144,53.2772877289667,77.31317177953729,15.844267617234053,53.32419139335453,65.17809197475323,79.78657756279354,46.80702895061462,71.20020637438564,77.01046841110605,up
89,39,up_39,130.57032579159886,78.41671636772159,63.03959810869052,70.8276948536139,62.9526691153984,58.97045649500284,115.96732083278368,160.91965009546865,198.1702982794884,73.4992094300889,49.46466248209038,45.889001443861694,53.534061041639454,75.87985789698817,18.09473683516252,54.87466651327653,64.22312649913788,79.83578667782461,49.69277494853924,74.36198770487178,81.23944899223751,up
90,40,up_40,127.4781916345052,78.01204918853308,64.71714139254512,72.53225101733518,61.85177219252499,55.98999748699855,114.40352063149024,159.43120268637088,195.6424674161756,71.8382694770082,49.40188746658137,43.41958971449472,54.47562853523023,76.80540537478194,14.676635449513409,54.0768748174548,65.71456176615587,81.89437918687479,49.0089769184596,72.97732074010138,80.29424346041141,up
91,41,up_41,128.03745377490523,77.72888810057347,64.0165086417934,74.24457041311283,55.123403098511616,54.26977627353965,112.9100739848143,157.15724320873832,193.55931549987477,68.62644948677585,45.93700705074339,41.9985152528838,55.327759738963096,76.30683079714328,10.824093390784562,52.24592987217871,66.10431185143274,84.12076946197817,50.45194835653544,72.79860704854602,78.70389987081504,up
92,42,up_42,124.43724570205592,79.89999418206979,62.40275882034404,69.18202026131966,52.78762051673286,50.96646445326781,113.58365712342984,158.86579998107874,195.0508102882536,64.27959406492799,42.850899016068034,40.93211015478384,59.01298907713959,73.56700556900505,7.892704516228846,49.81403057094816,65.44979554560469,83.12274070719597,50.29304149358774,71.50031317819874,79.91101910911092,up
93,43,up_43,126.23558942026284,82.28750549196823,63.08720523888031,68.52837603500804,51.46052799032559,51.67614571812781,113.2384556844758,157.51204107591337,192.69664103157743,63.60701696911868,45.63828006958359,38.54243472299611,52.50256445523796,71.92155275414244,9.35771838772872,51.256081990755824,65.80161554027188,81.56677216854585,50.004716330850215,73.54652067193828,81.70035401272743,up
94,44,up_44,122.5782086406882,80.89050856817028,64.64178285523184,71.37752143983022,47.59089644077196,48.38179601814143,113.4619218493613,158.65292486082137,195.8321392350337,60.22725292975644,43.54131147529509,32.43804490670813,50.0731664213963,71.00964451757574,10.96045251229966,52.00034885632149,68.61964244149179,81.2854353218635,51.49838735559353,71.93838696603068,79.61477546068522,up
95,45,up_45,121.61529993852878,82.60373125491098,64.23094668827211,70.72007351654791,46.97106746858456,49.909873420522814,115.04676166504868,159.26556211050908,197.25290809153336,61.73943123818452,40.92961715055132,35.23790218737338,56.30482714732993,73.29357301840993,9.15970669603395,51.53450289526551,71.14703245222086,83.58739502885437,54.42859225929691,76.84086981793226,85.77820368110635,up
96,46,up_46,119.70125322099068,83.39269994206997,65.43051220522152,69.48387633325292,47.39559477027501,48.62205578119897,112.66748178266508,156.76949874564713,191.76376718146764,58.24668005098189,43.23919654565558,27.69320913508485,52.52536370363889,70.66358612204816,12.919513620858412,48.98259675211695,69.95685421205819,84.00855695536826,53.66039174030836,71.53992906934674,82.87948521977427,up
97,47,up_47,118.41333886375168,82.83060604059442,67.89561148525665,71.81261834938906,45.82892372108585,48.57203547706732,112.60446900505012,154.64476885801017,189.53817246365352,59.41303978969729,41.89050082007751,28.175551068338216,53.44159929443909,70.52155875640517,14.957233061688871,47.90869055177244,70.1030178136146,82.46040759577701,57.04763892200944,73.93919485054862,83.45631741276257,up
98,48,up_48,117.77796282020287,81.08596820882642,64.34602109562799,68.88901323959226,47.86967379180937,47.91242956717474,110.9718151792262,154.01617401886867,188.9955427853889,59.49014286002069,40.87589757139989,31.517658729534197,55.79580930142429,70.32191931112878,11.48211662837359,46.76008628022662,67.8154424918308,81.76843582645853,52.590791810163424,68.78282559989569,78.38173349145012,up
99,49,up_49,118.23498835647312,77.73788740583319,64.22088441827046,69.73752214887514,48.666876339125245,49.91171343804972,111.88892491785936,154.0015092543177,190.01187455434285,61.67880005656102,39.92001640468807,33.914993105846484,57.71430535910401,71.74384390539718,12.353449305783691,47.93287067037557,66.58569913125632,81.96333730474572,52.45349954495385,68.6557186966284,78.65196449723541,up
100,0,victory_0,124.4045044426591,125.61052716690348,102.75794378702734,74.17870803420335,39.86291703068169,33.21437958682758,78.55937858536574,129.04762783342088,167.3495195033572,9.499612117633395,62.68670977780248,36.06283883267097,13.395264333933984,35.93850252471324,46.39072938899138,13.63310962343276,31.9524164360033,69.37341855360782,59.26538186435943,47.64106633791963,56.33576857434074,victory
101,1,victory_1,155.77047187864923,144.78148363839605,112.58842833529268,67.24094490116728,39.72538956339785,47.30259133908301,92.93603486249948,134.86205264132082,171.55663206222937,2.382856381561295,86.94695648859933,141.16998164914827,186.44649916840535,42.99459439734593,62.568909857257566,32.99079099156965,35.4409220663924,84.71555715205304,75.7502909298949,72.67810245158935,85.9734837568948,victory
102,2,victory_2,170.33533020648795,146.714432543473,116.95270086818353,70.90221940498964,36.137712162819774,44.517315543729225,95.03699005365252,131.51364568845156,166.10906042311035,7.066416373439341,86.44200341644405,134.4294148380337,174.46320652458212,46.856223374640855,66.53198981643521,38.47857724798927,18.57881416024464,88.55120096725828,67.8389616411785,63.90156829717877,81.6626682347568,victory
103,3,victory_3,166.10949043264017,144.89217978956745,116.45265112760865,69.45214832551603,35.97328310712921,46.40793192035947,92.524802092561,128.68799830220954,162.23683731884063,3.732859542336373,85.3253211587217,135.36487183193836,177.41216727582602,43.38730286485459,68.66364500319449,27.836785398375145,14.956475023370851,85.78062247817836,64.13958700611651,60.79928690356374,82.0115029816866,victory
104,4,victory_4,165.3287935518924,144.11714968894964,115.73487960972112,70.77994386487417,34.05654228723693,45.39184399353905,89.94622984338227,126.70791487357836,160.12804541898717,1.796948787058402,84.9898620071296,135.97580483723488,178.9870718294653,42.49807251865022,67.533698651227,33.19051035046408,15.737140666966212,84.167862185892,60.73079140718743,58.62869828879494,80.85637163802936,victory
105,5,victory_5,163.28255492784334,140.71569574670218,112.30656335377554,67.60496164485464,31.52024868394133,42.35285317821695,88.97914352172317,126.49713861229236,160.55099288136697,2.309891968692356,82.36505489328407,133.3738118827873,177.4120905874831,42.40229532143368,63.37456588338124,33.44081311600258,17.90457193414923,83.30696181365224,58.89338535864844,59.11371109144025,81.37510079550412,victory
106,6,victory_6,161.10492911745763,139.43043356810114,110.74676430934072,66.68003267372936,30.04580780896769,42.98657703270479,88.39542163988713,125.02985584494492,158.01940235070623,2.8010364133052783,83.68357690182644,132.68827807429713,174.69902852303852,42.925052017475146,64.69332853834013,28.72012891664419,25.969544346408743,81.95404109992202,56.88198388508392,59.29778037472915,82.72581272313344,victory
107,7,victory_7,159.90596017588976,139.78644223638634,110.71568867518668,67.9650603847784,29.461223987147275,42.98794853003408,88.6352176849527,125.36294700080092,158.4081885352248,2.6836195816391437,84.35193793331945,132.2813088505017,172.27127529059925,43.08587112093053,64.45531419785861,28.23391922867492,24.85121257484049,81.79918444559043,56.09525830705435,59.09324274287613,83.11817121115894,victory
108,8,victory_8,159.47028241981857,138.09885873742948,108.00114427881252,65.8772995356087,28.95414311679968,40.28540470442796,87.4153169743344,123.37248872847094,156.2795405182025,4.430363180804952,83.00120207855582,131.91992348827347,173.9306362121174,43.75537543912284,61.14626900434667,25.505546059996323,23.414678420445583,83.42124614503204,53.62355136291306,59.15523986620389,83.6136781007323,victory
109,9,victory_9,157.90638462030242,137.4805531496403,107.45562813617808,65.94151535043775,28.33049205441642,40.47453778138521,88.67300882642395,124.49917811565632,156.79634233782858,4.191558301841044,83.66769655435733,131.55588209342326,173.5677378926977,44.536743728635074,62.19437747553361,22.51555269982697,25.05513195311909,83.09688905441374,54.59415300149015,59.41899342840935,83.28692585358516,victory
110,10,victory_10,159.20565288109918,135.91440550428334,107.957716170386,67.29156109804066,28.027399939921107,35.77924251589656,82.36539902723779,118.27837182947012,150.95130689117667,7.90189276673961,85.28055606426582,132.12119942639214,173.0963450544286,45.498947185746346,66.5365055887647,26.15725165339348,17.227107784836807,83.78550792272179,54.92472688673803,56.01413006054728,81.07176071535345,victory
111,11,victory_11,158.63634449872566,135.58414813129815,107.21102593312249,68.20497318632228,28.58428282272964,35.74198925519352,82.32637884093546,117.5380962991687,149.62163163480483,7.00437181264641,84.5681707866741,131.4416918916785,171.43071427232158,45.866932644379865,61.31351350865082,21.55202533216696,17.57607371818117,83.86931038520463,53.7167552623794,53.77655964588045,78.60518755275686,victory
112,12,victory_12,156.24480036699896,134.5718414040107,106.45772478093303,65.2676505870399,26.579790457619783,35.287385089933515,81.05412373875059,114.35558380107751,145.77023513477354,7.725007246692453,83.66861802207178,128.47182208677037,168.461552837971,45.15433348195437,62.55100413193884,23.961467556008348,17.66108241868393,81.1562838209594,51.43150344375769,54.743640846694944,79.22517351141512,victory
113,13,victory_13,157.09217075773918,134.76292276243464,105.2991096559276,66.29872956512902,26.767030520819716,35.877405265943906,80.83403113521656,112.71518095687284,143.3983715755571,5.915888135039736,83.41803858277737,128.28520168172767,168.2740044973351,43.17955445465475,61.87774135570437,24.72896160274656,19.49719440250728,80.04729327714793,50.43003280404229,53.32825230898784,77.78540454993939,victory
114,14,victory_14,156.41262512039162,132.40236209195194,102.69884202947478,62.97773425058947,25.38850061974559,34.90333265442551,80.25408912237228,111.6239638117736,140.88970614296895,6.897533161850045,80.73799342791742,124.64179059897532,161.6249472784645,44.18311207113248,62.33668003675312,26.88431587207116,13.991656081725928,81.03588130548665,50.90939441703565,51.83999891520397,75.95459020521825,victory
115,15,victory_15,156.34849729917377,129.71450423028935,98.63398061276489,61.11149247458825,24.868132947231476,35.13166036626654,80.20417539359714,112.16206488018103,142.18396948720456,6.369214506046746,78.31769998869524,124.28594234607792,161.2904662789207,43.34078952074108,58.62995527312636,29.435890598532907,15.74182291420316,80.14626651492371,51.68489913104157,52.04160641434834,74.50532252061076,victory
116,16,victory_16,155.04227351262534,127.3981830802708,95.84343336306806,60.13169598205266,25.45232527055251,33.955319448075635,80.1713160007808,111.20556642783286,139.67977630744204,7.9649174067941,78.64696225031078,122.65344871109666,158.69486115472074,43.72274013068195,60.07940701598415,30.221592797233768,14.157680223011532,80.35671604824923,52.423294574635,54.22670142459609,76.10244914876205,victory
117,17,victory_17,137.70161471049477,110.3560101652458,80.36003169410493,50.02733946431241,23.734070920282075,22.42174600421541,77.12618867538986,108.80398026933103,135.8529366931877,19.36175485384548,88.83382790126652,121.06146187379537,143.99014988986616,53.601896098049785,48.89513977766658,9.313146293146657,44.53111730198631,91.00403669001476,62.16584139810782,58.90566654423333,77.90941888514128,victory
118,18,victory_18,100.6989293707596,90.77307181589384,70.94557333912546,51.10808430355354,33.16751272294556,26.11764765966444,52.314871738241536,70.76546168077634,85.04613927150757,3.7718373996786254,52.40036436839964,89.9361577545724,121.7133169348136,32.86462992681885,42.34200993090272,15.140236370995511,7.624402879857281,65.3786632970763,67.71535730181502,66.41455732018608,70.77185407206869,victory
119,19,victory_19,125.44851054590464,111.54732174580496,84.28181320000881,83.99968955778937,88.72533990379009,32.30354894398473,92.63648997223729,133.62133860846953,166.8777574784701,13.780429120944294,90.35851997193886,136.49819548116565,175.74913191710084,42.66754357092072,47.43913632570474,31.09655069059281,65.9017684428895,85.74350031229767,97.20569862824397,110.34295126297846,116.76021516683235,victory
120,20,victory_20,145.21427595468387,119.02378809094958,100.29762964532937,91.35668056524506,78.88204115788052,29.926023682140546,90.20133690327611,130.75384083622188,165.86539361236854,21.95656400596064,96.5628107359845,148.79306575655187,194.2462728406176,57.07760162892052,47.902134738147694,21.09717286623601,52.43222598741601,94.51905949442022,67.85836256213754,74.50500295183274,98.63422200517876,victory
121,21,victory_21,165.14983233470568,147.0561618539972,121.29083691763942,97.58922889526222,69.24071521865535,32.15202691071158,91.27165353618302,132.93335414406323,166.4161177982426,16.832238800544285,95.38613494229142,150.46654580303124,198.54971903708457,54.1847850388392,57.63299713078128,10.809628696784998,55.7480768507969,96.62046749643171,70.76379539869961,63.43080576645233,63.436435948874745,victory
122,22,victory_22,173.4108473984971,148.91492648085412,118.10301433691208,87.9309149559395,53.8683412213616,27.89842281321389,84.73453276606828,122.1485750077226,154.55077173241128,13.79744956549837,96.61158411878483,150.00472403747852,196.1600126603111,51.00409036106898,60.99561338824053,8.914306064282822,37.78936730323941,93.45784940021072,59.15788475594936,53.63401634924023,75.13630848403263,victory
123,23,victory_23,178.11541775157008,150.99702659594433,115.38798791512936,80.14069261146236,46.111223123651605,29.32506067638171,85.47406815245553,122.1121933105046,154.4486573431509,11.011126098596083,94.47275819418172,147.71435479412588,191.63384516375208,49.08405950977552,61.53479188430639,9.263710192499136,41.99441167875671,92.81295651986947,57.37808726298904,48.92518236437913,73.37741408607408,victory
124,24,victory_24,177.66289513680118,149.20953475153982,113.2057104558714,78.94729721125003,43.64695509817841,29.11160010667525,83.18344342939271,118.48853480323992,149.99399836821894,9.832382059371552,93.65086898033024,144.49274005097158,189.39580506193028,48.24993978589407,59.81606348839054,7.578762545650585,38.926175840080646,90.80911179270778,56.42407054583577,48.229703590111576,70.09557776832811,victory
125,25,victory_25,173.98496038425074,145.39651781349596,108.48438448921824,74.84144994844426,40.7191865610674,27.20565000675869,75.7464741401948,105.9530658083805,132.09089497443566,9.83457273406822,89.09654881833453,136.77981876308243,178.33396910052608,44.56354224085149,65.34818656648663,12.698134917596658,29.9548034450755,84.41594727416741,51.629677345170784,44.43245019561141,66.69121996831126,victory
126,26,victory_26,171.8995448357535,139.84932773209954,107.47923914911458,72.07784277779916,36.55753704421606,30.421267474239627,74.68713276363953,102.41524342678584,127.20334747944854,7.363112079897574,86.69308859405878,135.2844487964814,176.86011741991706,43.88216028102655,61.17364971538916,10.66932364867526,31.52816111527372,84.06531582206206,51.22663175003324,39.21280391568173,59.21772732066761,victory
127,27,victory_27,164.14769219397422,133.9562405280815,102.62710166162177,69.93696546406622,39.08096717668142,27.214108652509008,68.75379189707836,95.96570863365774,123.07232908310888,9.75353880775469,84.43277458449583,130.8473778154501,170.27970853370053,43.844835665246514,53.67484198515653,5.022624549935498,33.82360538409731,81.2854353218635,47.148075709236544,37.71242179136224,57.79634273516005,victory
128,28,victory_28,162.99212590360298,135.12711744309777,101.96523572792914,68.80860108130699,40.07142149789147,25.73037415575241,68.94859894916034,96.08109056270553,120.32853741361512,11.161360298763798,83.85648035215974,132.1750454147283,171.4530471945315,44.791099901492565,54.25473217811345,4.551793147944877,34.233856284382775,80.77337351182459,45.66080701271227,39.25987606298224,60.45190738575554,victory
129,29,victory_29,158.9254734850552,132.45869591102343,101.00010103046068,69.30382679306581,39.49166794065165,27.578829502622003,67.55013255474236,94.46098427933306,118.17912727063516,9.313146293146644,81.24050964982473,126.32845107504646,164.42633733122946,42.04783476189072,54.310144878601584,6.970784513574775,31.548472585039352,78.26707285875429,44.265663663745485,36.03003282410554,56.71878355680123,victory
130,30,victory_30,159.9885837763917,132.05108782557744,99.5779870764823,68.5955314781911,38.95497138900716,25.46265773197114,67.70358565249023,94.49597767057796,119.5745007285826,10.812879697237875,81.19678791274283,126.38344634565117,164.68082921276564,43.199584276155406,53.54094370723425,4.462999814803817,32.79901690910995,79.32161349434931,44.19183598072091,37.870886992948186,58.01407288806072,victory
131,31,victory_31,159.3246091027988,132.98065601914982,98.77848049356083,66.76823894956571,37.98367593043369,24.32023690062442,66.76360299450035,94.11212977359264,117.99252445669768,12.342247192453954,81.10250785299645,124.53531768728872,160.83930939516006,44.62860089830949,52.44586886493285,4.770706151945297,32.916888400183176,80.66773485546759,46.48653280710775,36.752682040746485,56.328100227892,victory
132,32,victory_32,161.2202054598805,130.62725005928084,98.42885940013628,65.62702971701874,37.27315363447815,27.06609865025112,67.84402546564597,94.31584415171125,117.36472407861692,9.882759444626922,79.51880508918497,124.9449493289416,162.60030568984436,42.910786533306855,52.682357948389765,5.187198615674737,32.77633264810771,79.4493092717877,45.10730466609995,35.49315669725083,54.20465962181255,victory
133,33,victory_33,136.06262730357972,132.31866468848344,98.517779281037,62.10774413940802,35.056966921073155,25.38166710331124,62.43198566814226,94.5286072909777,118.60474766129916,9.942236798746949,71.88609029098926,117.20084704793231,155.83565970106812,42.8139994482276,52.38902535192137,8.08234267020078,26.654589101717683,78.6374470119825,47.9463040552904,36.98378635990019,49.94893083550417,victory
134,34,victory_34,161.4439380240601,128.83194066007218,96.04836272347076,62.641857152974765,34.00283434897997,26.666411563405635,66.89474590338509,93.0028283284842,116.07613421474872,9.805362039035249,76.42489236064125,121.50231187670144,159.9730702960803,42.99891893383436,51.4087483842083,5.806595671129679,30.063462731083057,79.02894214238937,44.23586544177949,32.493257629594794,50.436687147659086,victory
135,35,victory_35,160.11430157597104,129.6518012569089,94.0003497846534,62.02817368797636,33.34836395814356,24.554488438864528,65.25641035921699,90.98832498428966,114.8801406336976,10.58611163918027,77.53413409662467,121.62635619610556,157.96584636173745,42.77592834003108,51.45750949518165,5.795650883291496,30.03203127486272,78.66789172342561,42.95755432892918,33.739464635985314,51.27209440230714,victory
136,36,victory_36,134.4639985030344,130.46617966462105,97.48550680117113,62.03451603049968,36.4403653488459,24.77220481748192,62.8811822718071,93.78468368248645,117.92630967036854,10.132232306815432,71.90532954679759,115.85785723851546,154.32493622562455,42.7962530413168,51.85139239619354,7.444732116146234,27.34254034415337,77.7388499926899,48.837390419102505,36.2346221976301,49.53637661062575,victory
137,37,victory_37,156.0919913082247,128.4521227765621,94.85901939241572,62.7367533966922,35.40709154278667,26.12689251464199,65.64475272320479,92.44481101662886,117.29894749698408,9.753887532438783,76.54034254091877,122.36788887104888,159.84023344188836,41.78169157139157,50.491821479138366,4.292322946980931,30.72373424251989,76.82134647593999,44.82022543126875,35.09640109205662,53.03498609943152,victory
138,38,victory_38,157.94764338187076,129.32933579627505,95.5334942628872,62.53860485736527,36.02156698398697,25.683623694430235,65.9829050904273,94.19372617051847,119.17746252415404,8.803730398770746,76.93553858592053,121.83138602722694,158.03746075620035,41.55353348542956,51.94530963180181,5.017203962458261,31.465490581042427,77.87218436326073,45.59637571625676,35.327460685110815,52.931500679390695,victory
139,39,victory_39,155.96052323346518,129.54892088510164,95.76767049489162,63.62740535349636,36.06500807231621,25.651864271229247,66.20940119995223,93.1466792477074,118.18737765018592,10.201262649162055,78.56219281938084,122.47495000482677,159.8112548859079,42.68900881869833,51.51300388407767,5.71289665656724,30.62630440555877,78.04802579864376,43.66832836844493,36.50791235333914,53.68930945833981,victory
140,40,victory_40,156.55217266598348,127.646132520309,95.2308568677886,63.2606994884916,34.18453987462621,26.3603581296921,65.63544269576067,92.31241935102726,116.82857569864169,9.008562316559596,77.26153422759488,122.27043369889591,159.60445722610604,42.106010257126485,51.22696374038732,5.020140840549882,31.066930891405047,77.38101098898878,44.13843918920282,35.56632844167163,53.4345340871105,victory
141,41,victory_41,156.11287270735656,129.95380305979975,97.37258084868547,65.62512930556316,36.9921545889637,25.98883416265123,66.06050960827667,93.08184046817784,118.0955645156779,10.246508171334032,78.03686843067909,122.84965831760718,161.17718873277462,43.08563428900829,51.07641778271786,4.324952649394094,31.19051254087305,78.34350780645133,44.08477197606226,35.64428059631762,53.56296229396967,victory
142,42,victory_42,154.92182213960916,129.0406341458805,96.24922769663948,64.18432922383653,36.83243296218475,25.58849302043185,65.69996393279811,92.76010802992498,118.5534218493905,9.769219094858906,78.12998646218041,123.11071101058948,160.44598415728433,42.51677006736814,52.20389990731418,4.583565238412607,32.146384286195214,77.7729266384764,43.51583755270985,36.649037196598265,55.34574895543148,victory
143,43,victory_43,155.17077856845967,129.65841220250724,94.2803269264138,67.28205766359045,43.19247120923967,17.846409472657516,62.836666939121976,89.8934239218815,115.17799495364537,17.03970287073405,81.05329844126408,125.05263291003683,160.8445539070004,48.344685507096266,47.00171271062819,3.4735802333022936,34.60276685357547,80.60999020929073,39.21757438431866,41.35582008466621,66.16767335891767,victory
144,44,victory_44,125.74272766283823,100.10753854918428,61.77027516066312,52.49031872727294,62.24907907595892,22.30300509530453,67.87204514725968,100.6660922630817,127.86207315137236,47.00451080780631,51.34148269971359,34.74732244696791,35.20477832956144,63.21953614640727,23.517880494378023,28.740965256932927,55.99783361536864,73.58794698211852,15.148321865104352,28.707809425232423,54.88772295804657,victory
145,45,victory_45,164.72909802752352,112.70319015136522,77.89650963394914,70.06432095078628,73.23744504015056,26.670110321865888,67.35697032414063,100.56748278695407,131.12719932808798,45.80558838654559,58.74447916357369,63.41630798078544,68.70232216086137,56.779100143907925,36.62954212120415,33.950377286767136,50.83595956191347,62.99704848573328,9.45714765261473,42.75132438839122,69.84376799283989,victory
146,46,victory_46,164.77848113696456,121.4068141105418,88.67594959334339,80.64380965877776,77.69473376831144,20.80167662874544,72.61047568456169,112.03972610979274,146.34042255773494,40.4321328848048,74.6432482711709,108.58656953739826,140.20595476143978,54.19493244711951,27.23085151765213,45.019522094470425,74.86588159340252,66.3855638215134,28.206639510435384,58.127489096486265,81.89595744482743,victory
147,47,victory_47,158.6502020840667,100.94025084356991,65.79463686625844,62.195015512889206,73.30972099758507,47.22873371139499,98.02662880385373,138.0953119868439,172.7355009486523,61.045501783357125,51.14294581884658,43.20087027762016,50.146746107047846,62.759411757698416,33.79604023552028,37.45004230884447,58.60953077363503,60.5221797390247,12.567189039829566,47.96457971284102,77.30016295418638,victory
148,48,victory_48,161.78511685653032,122.96087352175716,87.44274446797002,75.49579135601967,63.33956288732477,8.243048332078898,59.91537872457914,91.15630343168156,118.07582405707518,26.492500971213545,79.71464129180524,121.2502144842295,154.5543369947936,55.450924146150456,29.951472467106623,15.993904734683506,43.74324696828983,79.30739014442017,31.02372729587465,45.292123125699895,70.53904854486281,victory
149,49,victory_49,107.6014524175128,95.4813678681727,72.65952033761032,47.41986915766116,25.323171968549925,17.81722522558518,56.04229857014204,91.97399316927114,121.56862138403736,10.119579817937602,53.09897488451966,61.88873418887428,58.9473226539812,37.79866702709162,35.717491919575544,7.209530100016114,34.593918960200824,66.28780100711047,50.64090376155276,31.40709944728436,35.3691578110511,victory
150,0,yes_0,114.31409369863624,97.91880805300652,95.4113780728464,120.40763153731702,158.45698716069717,55.84884036863738,63.45375233039617,42.769009909241305,25.027558506719277,17.8164615974911,50.74396627559465,36.726111368287135,17.76828686566576,21.99778385044881,60.17353966058046,55.68660280917042,44.89190847705207,56.32598672056579,74.81499479858313,75.15632989244816,70.29900506677663,yes
151,1,yes_1,132.29035097637032,107.41341500648794,96.05912767181624,122.96814844861174,162.40344768075002,66.56306575989426,67.77078882965806,44.867782582073296,21.389223132529896,26.39216711944608,53.11061062962135,39.445246071506816,18.6387668078635,19.103074036440407,63.13835005102314,59.43683169089052,47.8188427647095,57.00061661758214,78.11818768485054,78.53766951520664,73.5700107738253,yes
152,2,yes_2,131.2596568091999,103.090124144581,92.62084708742812,117.5981955682443,155.8667085653709,65.1445453693801,68.79093504062998,47.908169906229695,27.174960129683484,31.024604382610686,54.23539857002884,38.10264808885624,17.042031539762718,25.526874371782053,58.032850967217,53.75564095274432,44.14966300850066,61.17696719511962,76.94062262830239,77.3649507264564,73.21106071100758,yes
153,3,yes_3,129.69295678080883,99.44956218858448,91.3899347926559,115.09551391893189,150.2093021990322,67.69804238905773,69.72719760730243,48.71859125412853,25.70670082138472,34.26752162834005,53.760723762809725,38.41783056362527,16.820514415897613,22.896791009850112,59.401588807324565,54.89883501649011,43.59692202412143,56.41281676792615,79.39099259497527,78.60071604227456,73.40770811009783,yes
154,4,yes_4,130.79631392727188,99.74471951083318,89.48348889365288,117.34811672483802,153.52123949166344,67.0100171886869,69.16308899853007,47.60811779327757,26.343148089155264,33.253134815483,53.68390309252081,38.25614826166632,19.14504844127052,22.71268837350453,57.75530916687619,53.64974170096722,44.21225345997501,57.02346654633909,77.14463548802665,78.22226892649608,74.00038303510603,yes
155,5,yes_5,129.0678599483827,98.92223061451136,90.17278702177492,118.7219163593491,156.441646188384,65.5448817168387,66.29147826608597,45.37135760259933,24.426529200813324,32.18529825924068,53.19271428125951,37.364206136712674,15.712842646583114,22.51429377165273,56.32083345600576,52.79689831472421,42.535566017360495,57.11257133931777,76.10292588855033,76.8433043539662,74.34211839121497,yes
156,6,yes_6,127.98880336516966,98.5448434358716,88.46543837481431,115.14562405592764,152.92525555593514,64.62485498696434,65.57032194660485,43.220811523533854,22.031157075518504,32.79721933902146,54.56878993039083,38.67126995821843,18.527726357838137,19.470135279459523,57.358027429973546,52.06854892205153,42.52551588321753,51.299684174192365,73.79179510584704,73.99993871419905,70.33010922100539,yes
157,7,yes_7,125.38648641323628,97.81571362618354,85.30650354155458,110.34603375533209,148.20853880615886,64.23957780067576,66.29414628909213,43.959500016758106,24.308719262839556,35.79584338478588,54.95330939217334,37.25663282346383,16.653600320294622,16.592009660692053,55.52184918535629,50.24046485045715,39.884470349456656,45.89490607494601,70.07111709718322,71.15683231131425,66.84957900504628,yes
158,8,yes_8,123.65704896865842,96.75358513165114,86.77320766896311,111.97307945011585,149.33509474179857,65.73300285548422,64.21592331545376,39.90487555387841,16.371259590806375,36.44328989930531,55.316139448145805,38.41960124255831,19.070521945039555,16.820312199668923,57.66792495972954,51.7067652165652,41.344304008205306,45.52413329233341,71.98226664962795,71.77523812051224,67.0899825580331,yes
159,9,yes_9,123.70876852685436,95.52263447029254,85.3756538339455,113.67058664216393,153.13175895583197,61.23959488647366,57.21473653786677,37.617781774965614,18.40166609828426,29.999244132579037,50.64679166214712,35.74516125698669,16.212939598692124,20.60518614682054,54.51432647830496,49.824476495492526,40.91806424868374,52.17874390202148,68.06161340987039,68.33358221291992,65.85122033762661,yes
160,10,yes_10,120.90382414910437,94.56678883741588,86.71722753305947,112.72985588637673,150.63870819999508,61.28987664852847,58.21283959641165,37.16977046922263,16.975372317157653,30.10254582765588,51.84750008733423,37.20242476187898,16.806218479831717,21.237241067597875,57.226545859595696,51.23077040934184,39.993111651781206,51.50193180446573,70.27714814234005,68.72007697603254,64.12949272163857,yes
161,11,yes_11,119.5879736709006,91.85235367307386,85.76211628434294,114.55274359769668,154.3241721616503,60.779833897574775,56.86280581194756,35.27170212112738,15.732817355773042,29.96343198360007,49.582039941971495,35.51656379571193,16.557191475886274,22.72920544245557,56.128234292620114,51.55577302714318,41.3843496879312,53.527897657804566,70.20173392952641,70.73523819782115,66.3317608264025,yes
162,12,yes_12,121.39082513231324,93.62472733824649,86.06763147785944,113.7703160198487,151.14253458122633,60.38463260528532,60.16856518006446,36.10657567890142,17.112208051537166,29.71081328916891,50.79575392471347,34.50423090163549,15.163208845568612,22.84250523369696,56.98887984777251,52.34381800601394,39.788357325790734,53.37441020188504,73.3005492581191,71.92932409246654,65.8354300880254,yes
163,13,yes_13,122.1156286368359,93.86864223725011,87.04179672098479,115.19874377306998,154.30794225536127,60.3946394281424,59.52620947542748,36.66759429871735,17.680715759000467,28.64791349899336,49.50168919905754,34.177242431576545,14.999622066289485,22.800127302027526,56.83257026638772,50.92700747837973,39.85017291278842,54.76215320854612,72.26958851436942,70.52515994977281,64.64178285523184,yes
164,14,yes_14,121.04785320872035,93.09985374016392,86.41021712496021,115.1521225938475,152.41550947441232,61.238113752496645,59.58436919322209,37.72156014500517,18.65123268649081,28.87183344437809,48.1946638496708,32.358290389266536,14.095318532589012,23.31588268729125,56.90059757625702,51.445874514242114,39.96739033574037,54.81798370852835,72.75930249647286,71.09090025997169,64.79132734998753,yes
165,15,yes_15,120.81313694692692,92.56351622074106,86.1679133845781,115.55726167413098,154.041289337832,61.53825571219721,58.85579440588149,37.50307621547307,18.62933584954147,28.97625895050014,48.87208534146647,34.94968849108075,14.61912517429405,23.022861555310868,57.04096073712344,52.718071013058406,39.751067813207854,54.7562108841133,73.20489680410576,72.42010219417023,65.5609840559573,yes
166,16,yes_16,119.60498097455182,92.53477620471254,86.09197212515863,113.17020072026804,151.38666685839385,60.33453601236743,59.29602128802208,36.47985807745794,18.451198118771043,29.646633915072552,48.75711472008639,33.632736994369445,13.857061037231873,23.35276159093188,55.71713464429523,50.6271999885912,38.83566166270438,54.33247776965055,72.88359308232252,71.39607197157645,64.81489428782518,yes
167,17,yes_17,119.23567052152032,91.91223754446868,86.56157940725468,113.62931538644746,150.5932787374889,60.71794573468674,58.93016351865658,35.52400102080392,15.772259582431468,29.856839065819884,49.519138973901335,33.18996378643889,13.393402105314706,23.75675103953924,55.882550142516216,51.019626297864,39.42687481972019,53.31534560609642,72.87956393257487,70.9621118287269,64.39019727931367,yes
168,18,yes_18,119.06668418767154,92.44879688428333,84.5090530378342,110.44334487104172,148.09542949000036,63.23854345796405,60.45753368013624,35.335386925304746,17.26320192170529,31.901918849872573,49.98922786455429,33.804325556115664,14.919435953178578,20.76785628983606,54.48345356177544,49.7969118149294,38.86017728581288,52.24684130455979,69.91334124075827,70.32860995842877,64.90042957975847,yes
169,19,yes_19,116.72540795250195,92.24920649942328,85.05803007785696,110.41485366243548,146.94479658235733,61.09525665293113,60.75722104653118,37.68746039734986,17.72976793987484,30.937139104379348,49.10786868150471,34.04145798402304,15.125251820395793,21.384504954620667,53.94010703912528,49.54230423887301,38.953719851247,50.97209231541649,70.12887391735377,69.32334111670303,64.10379904618912,yes
170,20,yes_20,120.72549022857478,91.57940187658228,84.2610806079261,110.04793843064245,145.49579012229412,54.19300772394721,52.69793698389224,36.91336305299325,20.230250580473623,25.11262612571027,44.59047720754256,30.11843590570227,9.538203408558577,26.49215859684109,46.62490843066397,43.65859093418243,36.89271692838948,57.93696238134447,67.51173577327263,67.32668182947826,64.85681071168709,yes
171,21,yes_21,118.35340444901112,90.9667901824604,81.73653820663397,105.18534553871926,139.1429712199265,52.61906916612355,48.83797080438792,32.10332666199,16.92433474544754,24.58037858410377,42.1291072538279,27.073177059587465,7.556439190692309,30.885422079877017,47.23955930910894,42.19122862921429,33.924352285703804,62.10708695014692,65.33361099482858,62.76566214636157,61.51426285949784,yes
172,22,yes_22,107.99372199776111,84.42227301729028,82.96284992163771,106.5018497066117,140.73066539104366,59.03813287856286,48.52565536935014,26.18207657514672,12.381868098004087,34.3473321966196,41.12902104210705,25.43949292838822,8.735597151676133,35.28018721573517,46.72234288071434,42.69187711827728,36.66679035229605,61.16119366050114,67.28281596561666,66.77129544715763,65.03424878277008,yes
173,23,yes_23,106.75902676550764,82.82031201120084,81.8582647641891,111.078754926036,148.5517844156078,62.612673946857655,47.12055749644212,26.638931154631997,15.83138190624002,41.0286112216281,35.861695783799654,19.31479289274921,10.891861781221104,40.88036303205552,44.0542337375658,41.20060431496567,39.645624099061465,64.34552772940408,71.11201282024676,76.51650482218908,79.49072593833877,yes
174,24,yes_24,100.72320122646082,76.38917542720942,77.68079635565651,107.28409738176671,144.06305308893783,56.91741242128541,46.07004427599173,25.890270806791115,19.213621868510952,41.91853128755974,33.15793991779101,15.362955710515669,8.881303452782591,47.13528077647945,40.41418219448442,37.38629018607693,37.31744681425424,68.03375512739757,66.904134889453,67.62094229404596,69.33989045393182,yes
175,25,yes_25,98.4508809697446,77.70275941600579,83.43862735656305,109.35897534051946,140.90981500136468,57.507802881785096,38.14264906904784,18.534517654128532,16.98051437621151,39.89694775179297,33.95241434580607,17.43982202576189,7.339051573911642,42.128542093893024,43.27272056008498,39.834834742432605,38.04764884676107,62.21127414211581,71.61241420648186,75.7464741401948,78.05342957539229,yes
176,26,yes_26,97.60149668009711,75.89187020833535,80.98062532485493,105.77561498579708,136.60092993445147,54.78707496085588,36.17292807644392,17.913941415896026,16.158582030692866,40.98495382343744,30.68976503664595,14.381031220219096,9.817611090705531,45.50148884957882,41.49130444648857,37.26296210275294,34.88763953451492,66.48562151684172,69.46328089206735,69.37753692936559,68.81033118656335,yes
177,27,yes_27,97.67401472207148,75.32642494360516,77.61795208107961,97.57914399298464,128.26321080951286,47.485073439413405,32.265620942182096,18.29191363166768,21.80702834548465,41.103514037283375,27.7192353622948,10.86820656006314,7.56078917043841,49.98308103771391,40.056790750892304,33.99963318462925,33.74870451868254,68.0869458820594,65.76237026144685,60.73183686560365,58.73405606974227,yes
178,28,yes_28,91.67517585737554,72.98502626537116,73.8783089624241,96.5063766060232,129.38096114411874,47.51345435422687,36.31088990404368,25.689626624374533,25.79968183459711,44.21974092561311,25.2681761435918,6.3361969895394825,10.51098119223811,53.619068764268846,35.8456314918869,30.770343822533352,33.297429643467666,72.36155755190644,67.44595552069651,63.59810390932798,62.34126327382182,yes
179,29,yes_29,92.02309184713684,77.07301365008752,78.52668278551597,99.37237282426952,133.8371857528745,49.50239921806487,34.58821578517476,20.11779370564192,20.65964330955412,45.189673333226445,25.0715529323556,9.424482037650906,9.381435810603897,52.77230428712814,38.86560365403181,33.17000803597396,32.904796361363005,69.95244578427416,65.72787989134702,61.72798936626575,59.9365688895305,yes
180,30,yes_30,88.8526003024046,76.53554300064533,78.82937456801608,100.90081791883226,133.09278471203322,48.04535366786568,33.14073611165984,18.500291105143624,18.14685620218212,42.08578325191817,25.81940594506404,10.500512891047586,8.348014279074295,48.93896888714515,39.26131998755942,33.278390092754385,32.73593932295223,67.89890110285333,65.87234270071028,61.07274202616176,58.71459467728543,yes
181,31,yes_31,90.35401525423404,77.60639686563937,80.99876822220655,99.76372313378616,129.7245817884236,50.12784110167463,29.539972534250325,16.47625928969941,18.83361928625247,44.72764646476097,25.99707815433032,11.89999904723791,8.76630324380569,48.93961756900492,39.93674136252977,35.008032767875484,33.53733493387809,65.39142565163138,65.34152385144553,61.50679773651407,57.53334831035347,yes
182,32,yes_32,83.72946663371529,76.188392828659,78.89054962960822,96.51229757272613,127.4607493716614,46.836643793231566,31.79030642769016,17.559552058088638,17.586649750111768,40.88898747893072,25.94691947776242,11.047721674400172,8.304030111925993,47.55853297734188,39.24956489785845,32.861973419929534,30.68976503664595,63.68751662015588,65.00955799254052,60.63791648877603,56.67917028919181,yes
183,33,yes_33,84.27894780479818,76.07038154134501,77.5499107809385,96.58816892568798,127.52492975787352,45.46205215276853,32.61153893417682,17.465287892821557,16.877375536162685,40.58897452027719,25.721736134066987,9.862777317633885,8.916976598339165,47.57888782741168,37.71242179136224,32.232608381635806,31.62033847049491,64.424471062286,63.09658578973978,58.79778174661007,57.6197559972197,yes
184,34,yes_34,85.42587722034942,72.8537969975584,73.84610460635604,94.2757329974132,125.71342892925928,43.98603159022973,30.997073960364503,17.92204080135016,19.36269176017492,41.65515487232813,25.543791041483548,9.040097123873757,8.872618328828906,50.12279705463872,35.16504655003622,29.46926605335392,30.147408066895714,66.41220143065743,58.508522161586704,54.16561485111703,54.20164752204781,yes
185,35,yes_35,85.64920809950647,72.44522522289769,71.62020325815355,91.36075113566308,122.88254628467745,40.78370578547725,33.15944439876015,20.86181726267233,20.0232291405612,41.56321852054828,25.972993125207687,8.52593748377996,6.667346904071305,50.757370475590754,33.173801919388865,26.795098885114022,29.227778542830684,68.17677436164225,57.665093761726894,53.24092760163076,54.21057874688818,yes
186,36,yes_36,83.19018998506112,74.54680916960572,74.87728433744486,94.19856482193596,124.9185948079716,44.76114487703536,30.72904776294303,16.31499734360982,16.285783904056146,40.79551907277605,27.190476190476204,10.94741088059923,8.478998999662702,47.67237490201413,36.20165867336673,29.796741516291046,29.249144802119066,63.61894068995862,60.23634478917268,56.459746260905256,55.20988606467483,yes
187,37,yes_37,82.57413353069275,73.4624095955392,73.52104917098106,93.31749136689936,124.81075924607929,43.10576035709981,32.33768117201301,19.04785714136905,17.654404678015844,41.40407047808456,26.175450235121776,9.56242172763008,8.466286348520685,49.14518728325872,34.69131776604444,28.780977592879196,29.09773194830051,64.67031338339544,60.00287219126943,55.87197870610229,54.985382514350434,yes
188,38,yes_38,90.10305261589616,77.57324093880935,76.00431125139012,92.80541904969054,123.87585219634056,43.8448356652465,32.34542869355134,17.361371880127752,16.087205659810632,41.12394847679385,30.540185786039427,12.878113409527888,7.153959625409937,47.96067928386351,36.51794203816731,29.35639940355497,28.214958802499737,64.09285002273093,59.819475210941725,55.65658387646682,53.18868565004345,yes
189,39,yes_39,84.25505226512858,74.37395552726088,74.68989556068622,92.844260400643,124.46173450506414,43.899338576311614,33.09164077742902,19.495042686344743,18.13991977221521,42.35518210617401,25.89924661175857,9.5323770987056,9.084760856433933,48.51224218404416,34.91840180449984,29.58779548603368,29.601472354139407,64.42462945037862,60.432248752982886,57.37686213440068,55.56514429722085,yes
190,40,yes_40,87.09164511321438,76.07140994112598,74.21623735154806,92.33274392601484,122.63399816392246,43.85639314803086,33.31240839819273,18.03046049519907,16.936924467884932,41.35102210923519,27.21348371938301,10.48592621212246,9.209331755519507,49.4368513112809,34.74879074226737,27.873906230129943,30.14492582986367,65.76040479652073,57.79440062639435,53.76671284754944,53.08216794073111,yes
191,41,yes_41,81.46951073339231,75.1617002145263,76.14112985324553,94.80579266055142,125.40902693299704,47.23089422840214,31.18142362270076,17.417704132105346,16.91843846490281,42.54460111342243,23.65214654700876,8.866482530950774,9.987861113096878,47.89815821188432,37.2168067269056,31.15468684598925,30.050675265295244,62.71853404275051,62.775072684680296,59.21506595690982,56.12736568856874,yes
192,42,yes_42,83.4279327003164,73.75655549480365,74.3299013880875,93.96164847010698,125.79984462243776,47.49316695093601,32.181493533972265,21.16220693282188,21.886742070441876,43.30435975391099,22.60701434302348,7.395684222890841,10.199484225099305,49.939305565484304,37.5103916063009,30.79008734086425,32.57490930997793,63.9864639880666,63.10105992907198,60.48558232284979,59.57333178033967,yes
193,43,yes_43,83.6846743230401,74.39713865709358,74.93000513101701,93.499330032644,122.35635291028277,46.476117291121135,31.593865474185115,18.97318790847837,19.76603513921584,40.87589757139989,24.919507607704286,8.924602292376846,8.71129274649825,47.39530770808189,36.106732684150735,30.780032989569783,30.162748270340952,63.06784670481357,63.65256103313598,59.34909597242208,56.17515933290355,yes
194,44,yes_44,83.20977234166627,73.22801652119303,74.49071226100558,96.23611599953388,129.74997760825397,49.62007585078484,30.404566132792556,15.001889525736535,17.86748906625886,44.04607461899872,24.78208884330862,11.257146885826366,13.524564029925198,47.31917484899776,36.60158107188064,33.761199535921534,33.158487009677856,61.862439745350855,62.55138477253282,59.97348242435409,58.04316557782479,yes
195,45,yes_45,83.96441315067328,69.88680514145582,70.8077464791194,93.3236753992398,126.221927796597,47.47654869234877,30.914995737525963,18.048184436425935,20.3814530423597,43.08323958199779,24.14290410439692,8.62023143672349,11.630166420780752,48.03345867129952,35.51557417627224,30.16737136020605,30.43766165732072,64.75833323485102,60.10921654648478,56.78844457846792,54.18507798035323,yes
196,46,yes_46,85.15822275326282,70.09156628581711,70.92497073614416,92.14956294043604,122.98148930639174,49.72130948376206,32.92298441050465,18.94526068689296,20.628668161405365,44.13042409795945,23.76209561904456,7.734834477808344,13.029967204543285,50.39008828859526,36.03859105669189,30.112788734215112,30.734950597139655,65.3624986963294,61.84249615810925,57.76363205520074,55.25800133933672,yes
197,47,yes_47,79.55677959255466,70.61427913130291,74.92691828642246,91.54439588108907,118.24891115212068,50.09890444667797,33.962097053644655,17.076724289852997,15.848846678641449,38.4354156883768,28.28671635229979,13.156393994854575,9.949646468724794,43.11441299275394,37.5118424233663,32.766783966683,31.97834442981149,60.781382159618246,61.73904559164235,58.50352238557328,57.04881149878616,yes
198,48,yes_48,90.50227694107627,73.0537651850317,71.3842402114563,92.24912046603684,122.47874543732162,49.90796518254511,40.930780571422574,20.26949944398608,13.576774218714162,36.33108649359375,30.45989147489092,13.735433430339006,11.561233996389555,40.040399100042734,38.9455693194298,32.68238550038022,32.937823649375616,59.00238282593611,59.83306330827969,58.23225450600899,58.88321968176248,yes
199,49,yes_49,101.72734890254064,89.7282998861202,75.61667862428105,53.83109554962228,33.803017482611004,57.41972608181493,55.25159933454363,36.52104664536,18.479749289069037,31.06561704454422,40.09187295006295,24.699647008778804,5.783901342452933,11.400759810777442,40.65389561930003,34.79704681607594,26.341641675639742,37.01577772320224,55.85462585162434,55.13383016828183,51.30744112445318,yes
